{"cameraMode":{"drawMode":0,"name":"Shaded","section":"Shading Mode"},"sceneLighting":true,"audioPlay":false,"sceneViewState":{"showFog":true,"showMaterialUpdate":false,"showSkybox":true,"showFlares":true,"showImageEffects":true,"showParticleSystems":true},"in2DMode":false,"pivot":{"x":-0.7163217067718506,"y":1.6881186962127686,"z":1.7125318050384522},"rotation":{"x":-0.11100529879331589,"y":0.6292457580566406,"z":-0.0914287120103836,"w":-0.7638126611709595},"size":15.652647018432618,"orthographic":false}