{"cameraMode":{"drawMode":0,"name":"Shaded","section":"Shading Mode"},"sceneLighting":false,"audioPlay":false,"sceneViewState":{"showFog":true,"showMaterialUpdate":false,"showSkybox":false,"showFlares":true,"showImageEffects":true,"showParticleSystems":true},"in2DMode":false,"pivot":{"x":0.0,"y":2.5199999809265138,"z":0.10000002384185791},"rotation":{"x":-0.07595187425613404,"y":0.7411760091781616,"z":-0.08509597182273865,"w":-0.6615578532218933},"size":5.234012126922607,"orthographic":false}