{"cameraMode":{"drawMode":0,"name":"Shaded","section":"Shading Mode"},"sceneLighting":false,"audioPlay":false,"sceneViewState":{"showFog":true,"showMaterialUpdate":false,"showSkybox":false,"showFlares":true,"showImageEffects":true,"showParticleSystems":true},"in2DMode":false,"pivot":{"x":-0.04081850126385689,"y":0.9179543852806091,"z":0.2991790473461151},"rotation":{"x":0.017012571915984155,"y":0.9657434821128845,"z":-0.2505176067352295,"w":0.06557795405387879},"size":17.650917053222658,"orthographic":false}